[
    {
       "hash":"0x242ebf710a1b0c06ee4cc329f6e1d3b51ce09d6f1f71cdcff5783346c3d0b5d2",
       "blockHeight":1214091,
       "from":"zil1qw2ujn75tdrk5gg2w4ysd2z9lefgtchael4ucy",
       "to":"zil1cyck4za8yrxryxs6h0mupu5w3j72a3as6e5lqz",
       "value":"0",
       "fee":"5516000000000",
       "timestamp":1623301829860,
       "signature":"0x80432FCCD37F00B05DB14FF6229670E5154246248400BD8D2C579A11942034AE144D7657A49FC1340DED3725E86EAD2C11315A5EFB9FD9703BA881975B9CDD7B",
       "direction":"out",
       "nonce":4,
       "receiptSuccess":true,
       "data":"{\"_tag\":\"Sell\",\"params\":[{\"vname\":\"contract_address\",\"type\":\"ByStr20\",\"value\":\"0x4Db3097BcFa7e0Bd92d5b94309526703AAF8D714\"},{\"vname\":\"token_id\",\"type\":\"Uint256\",\"value\":\"1\"},{\"vname\":\"price\",\"type\":\"Uint128\",\"value\":\"895343319000000\"}]}",
       "internalTransfers":[
          
       ],
       "events":[
          {
             "address":"zil1cyck4za8yrxryxs6h0mupu5w3j72a3as6e5lqz",
             "name":"PendingOrderRecorded",
             "details":"PendingOrderRecorded (Uint256 extracted_order_id, 0xc1316a8ba720cc321a1abbf7c0f28e8cbcaec7b0.Order order_info)",
             "params":{
                "extracted_order_id":"4804",
                "order_info":[
                   {
                      "name":"0xc1316a8ba720cc321a1abbf7c0f28e8cbcaec7b0.Order",
                      "params":[
                         "zil1qw2ujn75tdrk5gg2w4ysd2z9lefgtchael4ucy",
                         "895343319000000",
                         "zil1fkesj7705lstmyk4h9psj5n8qw4034c5a2r2an",
                         "1",
                         "4804",
                         "0xe783b84cbade5502cebdae160296291f76faf5af2a17be553e490554164e12d9"
                      ]
                   },
                   {
                      "name":"0xc1316a8ba720cc321a1abbf7c0f28e8cbcaec7b0.Pending",
                      "depth":[
                         6
                      ]
                   }
                ]
             }
          },
          {
             "address":"zil1cyck4za8yrxryxs6h0mupu5w3j72a3as6e5lqz",
             "name":"TokenApprovedSuccess",
             "details":"TokenApprovedSuccess (Uint256 extracted_order_id, Uint256 token_id)",
             "params":{
                "extracted_order_id":"4804",
                "token_id":"1"
             }
          },
          {
             "address":"zil1fkesj7705lstmyk4h9psj5n8qw4034c5a2r2an",
             "name":"TransferFromSuccess",
             "details":"TransferFromSuccess (ByStr20 from, ByStr20 recipient, Uint256 token_id)",
             "params":{
                "from":"zil1qw2ujn75tdrk5gg2w4ysd2z9lefgtchael4ucy",
                "recipient":"zil1cyck4za8yrxryxs6h0mupu5w3j72a3as6e5lqz",
                "token_id":"1"
             }
          },
          {
             "address":"zil1cyck4za8yrxryxs6h0mupu5w3j72a3as6e5lqz",
             "name":"ListOrderSuccess",
             "details":"ListOrderSuccess (Uint256 extracted_order_id, 0xc1316a8ba720cc321a1abbf7c0f28e8cbcaec7b0.Order order)",
             "params":{
                "extracted_order_id":"4804",
                "order":[
                   {
                      "name":"0xc1316a8ba720cc321a1abbf7c0f28e8cbcaec7b0.Order",
                      "params":[
                         "zil1qw2ujn75tdrk5gg2w4ysd2z9lefgtchael4ucy",
                         "895343319000000",
                         "zil1fkesj7705lstmyk4h9psj5n8qw4034c5a2r2an",
                         "1",
                         "4804",
                         "0xe783b84cbade5502cebdae160296291f76faf5af2a17be553e490554164e12d9"
                      ]
                   },
                   {
                      "name":"0xc1316a8ba720cc321a1abbf7c0f28e8cbcaec7b0.Active",
                      "depth":[
                         6
                      ]
                   }
                ]
             }
          }
       ],
       "transitions":[
          {
             "accepted":false,
             "addr":"zil1cyck4za8yrxryxs6h0mupu5w3j72a3as6e5lqz",
             "depth":0,
             "msg":{
                "_amount":"0",
                "_recipient":"zil1fkesj7705lstmyk4h9psj5n8qw4034c5a2r2an",
                "_tag":"GetApproved",
                "params":[
                   {
                      "type":"Uint256",
                      "value":"1",
                      "vname":"token_id"
                   }
                ]
             }
          },
          {
             "accepted":false,
             "addr":"zil1fkesj7705lstmyk4h9psj5n8qw4034c5a2r2an",
             "depth":1,
             "msg":{
                "_amount":"0",
                "_recipient":"zil1cyck4za8yrxryxs6h0mupu5w3j72a3as6e5lqz",
                "_tag":"GetApprovedCallBack",
                "params":[
                   {
                      "type":"ByStr20",
                      "value":"zil1cyck4za8yrxryxs6h0mupu5w3j72a3as6e5lqz",
                      "vname":"approved_addr"
                   },
                   {
                      "type":"Uint256",
                      "value":"1",
                      "vname":"token_id"
                   }
                ]
             }
          },
          {
             "accepted":false,
             "addr":"zil1cyck4za8yrxryxs6h0mupu5w3j72a3as6e5lqz",
             "depth":2,
             "msg":{
                "_amount":"0",
                "_recipient":"zil1fkesj7705lstmyk4h9psj5n8qw4034c5a2r2an",
                "_tag":"TransferFrom",
                "params":[
                   {
                      "type":"ByStr20",
                      "value":"zil1cyck4za8yrxryxs6h0mupu5w3j72a3as6e5lqz",
                      "vname":"to"
                   },
                   {
                      "type":"Uint256",
                      "value":"1",
                      "vname":"token_id"
                   }
                ]
             }
          },
          {
             "accepted":false,
             "addr":"zil1fkesj7705lstmyk4h9psj5n8qw4034c5a2r2an",
             "depth":3,
             "msg":{
                "_amount":"0",
                "_recipient":"zil1cyck4za8yrxryxs6h0mupu5w3j72a3as6e5lqz",
                "_tag":"RecipientAcceptTransferFrom",
                "params":[
                   {
                      "type":"ByStr20",
                      "value":"zil1qw2ujn75tdrk5gg2w4ysd2z9lefgtchael4ucy",
                      "vname":"from"
                   },
                   {
                      "type":"ByStr20",
                      "value":"zil1cyck4za8yrxryxs6h0mupu5w3j72a3as6e5lqz",
                      "vname":"recipient"
                   },
                   {
                      "type":"Uint256",
                      "value":"1",
                      "vname":"token_id"
                   }
                ]
             }
          },
          {
             "accepted":false,
             "addr":"zil1fkesj7705lstmyk4h9psj5n8qw4034c5a2r2an",
             "depth":3,
             "msg":{
                "_amount":"0",
                "_recipient":"zil1cyck4za8yrxryxs6h0mupu5w3j72a3as6e5lqz",
                "_tag":"TransferFromSuccessCallBack",
                "params":[
                   {
                      "type":"ByStr20",
                      "value":"zil1qw2ujn75tdrk5gg2w4ysd2z9lefgtchael4ucy",
                      "vname":"from"
                   },
                   {
                      "type":"ByStr20",
                      "value":"zil1cyck4za8yrxryxs6h0mupu5w3j72a3as6e5lqz",
                      "vname":"recipient"
                   },
                   {
                      "type":"Uint256",
                      "value":"1",
                      "vname":"token_id"
                   }
                ]
             }
          }
       ]
    },
    {
       "hash":"0x085f0fc97a2dec7871ad32fdb1564f17da35efaf13cfcc3bc77cd75a45f0b66c",
       "blockHeight":1214089,
       "from":"zil1qw2ujn75tdrk5gg2w4ysd2z9lefgtchael4ucy",
       "to":"zil1fkesj7705lstmyk4h9psj5n8qw4034c5a2r2an",
       "value":"0",
       "fee":"836000000000",
       "timestamp":1623301755683,
       "signature":"0x4040E8A4C7437A5FAF436D653E384DF4D389C40D32A451D0AC47E4F64433872644219C1D692DDE3080482FE0DBCE6552010947E1B158C8F983913E53043A47DC",
       "direction":"out",
       "nonce":3,
       "receiptSuccess":true,
       "data":"{\"_tag\":\"SetApprove\",\"params\":[{\"vname\":\"to\",\"type\":\"ByStr20\",\"value\":\"0xC1316a8ba720Cc321A1AbBf7C0F28E8cbCAec7b0\"},{\"vname\":\"token_id\",\"type\":\"Uint256\",\"value\":\"1\"}]}",
       "internalTransfers":[
          
       ],
       "events":[
          {
             "address":"zil1fkesj7705lstmyk4h9psj5n8qw4034c5a2r2an",
             "name":"AddApprovalSuccess",
             "details":"AddApprovalSuccess (ByStr20 initiator, ByStr20 approved_spender, Uint256 token_id)",
             "params":{
                "initiator":"zil1qw2ujn75tdrk5gg2w4ysd2z9lefgtchael4ucy",
                "approved_spender":"zil1cyck4za8yrxryxs6h0mupu5w3j72a3as6e5lqz",
                "token_id":"1"
             }
          }
       ],
       "transitions":[
          {
             "addr":"zil1fkesj7705lstmyk4h9psj5n8qw4034c5a2r2an",
             "depth":0,
             "msg":{
                "_amount":"0",
                "_recipient":"zil1qw2ujn75tdrk5gg2w4ysd2z9lefgtchael4ucy",
                "_tag":"AddApprovalSuccessCallBack",
                "params":[
                   {
                      "type":"ByStr20",
                      "value":"zil1cyck4za8yrxryxs6h0mupu5w3j72a3as6e5lqz",
                      "vname":"approved_spender"
                   },
                   {
                      "type":"Uint256",
                      "value":"1",
                      "vname":"token_id"
                   }
                ]
             }
          }
       ]
    },
    {
       "hash":"0x8d15dbc39483dc43df512970f742b4ea2e4075e57d79da295e6557186f769baa",
       "blockHeight":1207645,
       "from":"zil1qw2ujn75tdrk5gg2w4ysd2z9lefgtchael4ucy",
       "to":"zil1cyck4za8yrxryxs6h0mupu5w3j72a3as6e5lqz",
       "value":"24720412000000",
       "fee":"2848000000000",
       "timestamp":1623035350354,
       "signature":"0x1EB50D76014C51827431014ADD91AF3959077301E1CF46821466822D48002DE9A91D40CEDEA3E77D1381AC2B39AC08B57784702FA4944B33150C22F89595517F",
       "direction":"out",
       "nonce":2,
       "receiptSuccess":true,
       "data":"{\"_tag\":\"Purchase\",\"params\":[{\"vname\":\"item_order_id\",\"type\":\"Uint256\",\"value\":\"3730\"}]}",
       "internalTransfers":[
          
       ],
       "events":[
          {
             "address":"zil1cyck4za8yrxryxs6h0mupu5w3j72a3as6e5lqz",
             "name":"PurchaseSuccess",
             "details":"PurchaseSuccess (Uint256 item_order_id, Uint256 token_id, ByStr20 buyer_address, ByStr20 seller_address, Uint128 price_sold)",
             "params":{
                "item_order_id":"3730",
                "token_id":"1",
                "buyer_address":"zil1qw2ujn75tdrk5gg2w4ysd2z9lefgtchael4ucy",
                "seller_address":"zil1wn9kssdzygdk2k6ka2w9m8ddtvu6f5fv7uper9",
                "price_sold":"23484391400000"
             }
          },
          {
             "address":"zil1fkesj7705lstmyk4h9psj5n8qw4034c5a2r2an",
             "name":"TransferSuccess",
             "details":"TransferSuccess (ByStr20 from, ByStr20 recipient, Uint256 token_id)",
             "params":{
                "from":"zil1cyck4za8yrxryxs6h0mupu5w3j72a3as6e5lqz",
                "recipient":"zil1qw2ujn75tdrk5gg2w4ysd2z9lefgtchael4ucy",
                "token_id":"1"
             }
          }
       ],
       "transitions":[
          {
             "accepted":false,
             "addr":"zil1cyck4za8yrxryxs6h0mupu5w3j72a3as6e5lqz",
             "depth":0,
             "msg":{
                "_amount":"0",
                "_recipient":"zil1fkesj7705lstmyk4h9psj5n8qw4034c5a2r2an",
                "_tag":"Transfer",
                "params":[
                   {
                      "type":"ByStr20",
                      "value":"zil1qw2ujn75tdrk5gg2w4ysd2z9lefgtchael4ucy",
                      "vname":"to"
                   },
                   {
                      "type":"Uint256",
                      "value":"1",
                      "vname":"token_id"
                   }
                ]
             }
          },
          {
             "addr":"zil1fkesj7705lstmyk4h9psj5n8qw4034c5a2r2an",
             "depth":1,
             "msg":{
                "_amount":"0",
                "_recipient":"zil1qw2ujn75tdrk5gg2w4ysd2z9lefgtchael4ucy",
                "_tag":"RecipientAcceptTransfer",
                "params":[
                   {
                      "type":"ByStr20",
                      "value":"zil1cyck4za8yrxryxs6h0mupu5w3j72a3as6e5lqz",
                      "vname":"from"
                   },
                   {
                      "type":"ByStr20",
                      "value":"zil1qw2ujn75tdrk5gg2w4ysd2z9lefgtchael4ucy",
                      "vname":"recipient"
                   },
                   {
                      "type":"Uint256",
                      "value":"1",
                      "vname":"token_id"
                   }
                ]
             }
          },
          {
             "accepted":false,
             "addr":"zil1fkesj7705lstmyk4h9psj5n8qw4034c5a2r2an",
             "depth":1,
             "msg":{
                "_amount":"0",
                "_recipient":"zil1cyck4za8yrxryxs6h0mupu5w3j72a3as6e5lqz",
                "_tag":"TransferSuccessCallBack",
                "params":[
                   {
                      "type":"ByStr20",
                      "value":"zil1cyck4za8yrxryxs6h0mupu5w3j72a3as6e5lqz",
                      "vname":"from"
                   },
                   {
                      "type":"ByStr20",
                      "value":"zil1qw2ujn75tdrk5gg2w4ysd2z9lefgtchael4ucy",
                      "vname":"recipient"
                   },
                   {
                      "type":"Uint256",
                      "value":"1",
                      "vname":"token_id"
                   }
                ]
             }
          },
          {
             "addr":"zil1cyck4za8yrxryxs6h0mupu5w3j72a3as6e5lqz",
             "depth":0,
             "msg":{
                "_amount":"23484391400000",
                "_recipient":"zil1wn9kssdzygdk2k6ka2w9m8ddtvu6f5fv7uper9",
                "_tag":"",
                "params":[
                   
                ]
             }
          }
       ]
    },
    {
       "hash":"0x5a2095ba16aa76a101bf669dbbc109902fb09a10e774f68807bc6336f6f3f5af",
       "blockHeight":1207642,
       "from":"zil1qw2ujn75tdrk5gg2w4ysd2z9lefgtchael4ucy",
       "to":"zil1cyck4za8yrxryxs6h0mupu5w3j72a3as6e5lqz",
       "value":"39869865000000",
       "fee":"2848000000000",
       "timestamp":1623035243247,
       "signature":"0xA0FDFD2FE76CE174DC146136AEDC068726B340F0A22CAD490EC3BAC3BE9B40CE9E6C75A2656210CA2D785425EE2D6F175B2C0798A28287080DEB02D9546A5992",
       "direction":"out",
       "nonce":1,
       "receiptSuccess":true,
       "data":"{\"_tag\":\"Purchase\",\"params\":[{\"vname\":\"item_order_id\",\"type\":\"Uint256\",\"value\":\"2132\"}]}",
       "internalTransfers":[
          
       ],
       "events":[
          {
             "address":"zil1cyck4za8yrxryxs6h0mupu5w3j72a3as6e5lqz",
             "name":"PurchaseSuccess",
             "details":"PurchaseSuccess (Uint256 item_order_id, Uint256 token_id, ByStr20 buyer_address, ByStr20 seller_address, Uint128 price_sold)",
             "params":{
                "item_order_id":"2132",
                "token_id":"1",
                "buyer_address":"zil1qw2ujn75tdrk5gg2w4ysd2z9lefgtchael4ucy",
                "seller_address":"zil1zs92szzwkznxwlq58ds25lf30c92rlzlctv52x",
                "price_sold":"37876371750000"
             }
          },
          {
             "address":"zil1ldvaz9ydz7c4hyhwnu5ttccyg8jeg6cwenu9f8",
             "name":"TransferSuccess",
             "details":"TransferSuccess (ByStr20 from, ByStr20 recipient, Uint256 token_id)",
             "params":{
                "from":"zil1cyck4za8yrxryxs6h0mupu5w3j72a3as6e5lqz",
                "recipient":"zil1qw2ujn75tdrk5gg2w4ysd2z9lefgtchael4ucy",
                "token_id":"1"
             }
          }
       ],
       "transitions":[
          {
             "accepted":false,
             "addr":"zil1cyck4za8yrxryxs6h0mupu5w3j72a3as6e5lqz",
             "depth":0,
             "msg":{
                "_amount":"0",
                "_recipient":"zil1ldvaz9ydz7c4hyhwnu5ttccyg8jeg6cwenu9f8",
                "_tag":"Transfer",
                "params":[
                   {
                      "type":"ByStr20",
                      "value":"zil1qw2ujn75tdrk5gg2w4ysd2z9lefgtchael4ucy",
                      "vname":"to"
                   },
                   {
                      "type":"Uint256",
                      "value":"1",
                      "vname":"token_id"
                   }
                ]
             }
          },
          {
             "addr":"zil1ldvaz9ydz7c4hyhwnu5ttccyg8jeg6cwenu9f8",
             "depth":1,
             "msg":{
                "_amount":"0",
                "_recipient":"zil1qw2ujn75tdrk5gg2w4ysd2z9lefgtchael4ucy",
                "_tag":"RecipientAcceptTransfer",
                "params":[
                   {
                      "type":"ByStr20",
                      "value":"zil1cyck4za8yrxryxs6h0mupu5w3j72a3as6e5lqz",
                      "vname":"from"
                   },
                   {
                      "type":"ByStr20",
                      "value":"zil1qw2ujn75tdrk5gg2w4ysd2z9lefgtchael4ucy",
                      "vname":"recipient"
                   },
                   {
                      "type":"Uint256",
                      "value":"1",
                      "vname":"token_id"
                   }
                ]
             }
          },
          {
             "accepted":false,
             "addr":"zil1ldvaz9ydz7c4hyhwnu5ttccyg8jeg6cwenu9f8",
             "depth":1,
             "msg":{
                "_amount":"0",
                "_recipient":"zil1cyck4za8yrxryxs6h0mupu5w3j72a3as6e5lqz",
                "_tag":"TransferSuccessCallBack",
                "params":[
                   {
                      "type":"ByStr20",
                      "value":"zil1cyck4za8yrxryxs6h0mupu5w3j72a3as6e5lqz",
                      "vname":"from"
                   },
                   {
                      "type":"ByStr20",
                      "value":"zil1qw2ujn75tdrk5gg2w4ysd2z9lefgtchael4ucy",
                      "vname":"recipient"
                   },
                   {
                      "type":"Uint256",
                      "value":"1",
                      "vname":"token_id"
                   }
                ]
             }
          },
          {
             "addr":"zil1cyck4za8yrxryxs6h0mupu5w3j72a3as6e5lqz",
             "depth":0,
             "msg":{
                "_amount":"37876371750000",
                "_recipient":"zil1zs92szzwkznxwlq58ds25lf30c92rlzlctv52x",
                "_tag":"",
                "params":[
                   
                ]
             }
          }
       ]
    },
    {
       "hash":"0x77a719903f1862f18e7975add55ed28e499c63ef8bda488a41219efbeae34a8c",
       "blockHeight":1203600,
       "from":"zil1yqknv8jhe42va69aepefxa56xqlfn37x6aeve5",
       "to":"zil1qw2ujn75tdrk5gg2w4ysd2z9lefgtchael4ucy",
       "value":"1499990000000000",
       "fee":"150000000000",
       "timestamp":1622875405228,
       "signature":"0x30D054DA2CCC28C48098F319581E61FE051BF75DB40CA7AC2045800D0E69C5703B60601CD017784D4610DA88B6F4B7C80B7DF377981729D3F60A6AC602C3173C",
       "direction":"in",
       "nonce":37658,
       "receiptSuccess":true,
       "data":null,
       "internalTransfers":[
          
       ],
       "events":[
          
       ],
       "transitions":[
          
       ]
    }
 ]